{
  "ABIRoot": {
    "kind": "Root",
    "name": "abdel_sdk",
    "printedName": "abdel_sdk",
    "children": [
      {
        "kind": "Import",
        "name": "SwiftUI",
        "printedName": "SwiftUI",
        "declKind": "Import",
        "moduleName": "abdel_sdk"
      },
      {
        "kind": "TypeDecl",
        "name": "AbdelSDK",
        "printedName": "AbdelSDK",
        "children": [
          {
            "kind": "Var",
            "name": "shared",
            "printedName": "shared",
            "children": [
              {
                "kind": "TypeNominal",
                "name": "AbdelSDK",
                "printedName": "abdel_sdk.AbdelSDK",
                "usr": "s:9abdel_sdk8AbdelSDKC"
              }
            ],
            "declKind": "Var",
            "usr": "s:9abdel_sdk8AbdelSDKC6sharedACvpZ",
            "mangledName": "$s9abdel_sdk8AbdelSDKC6sharedACvpZ",
            "moduleName": "abdel_sdk",
            "static": true,
            "declAttributes": [
              "HasInitialValue",
              "Final",
              "HasStorage",
              "AccessControl"
            ],
            "isLet": true,
            "hasStorage": true,
            "accessors": [
              {
                "kind": "Accessor",
                "name": "Get",
                "printedName": "Get()",
                "children": [
                  {
                    "kind": "TypeNominal",
                    "name": "AbdelSDK",
                    "printedName": "abdel_sdk.AbdelSDK",
                    "usr": "s:9abdel_sdk8AbdelSDKC"
                  }
                ],
                "declKind": "Accessor",
                "usr": "s:9abdel_sdk8AbdelSDKC6sharedACvgZ",
                "mangledName": "$s9abdel_sdk8AbdelSDKC6sharedACvgZ",
                "moduleName": "abdel_sdk",
                "static": true,
                "implicit": true,
                "declAttributes": [
                  "Final"
                ],
                "accessorKind": "get"
              }
            ]
          },
          {
            "kind": "Function",
            "name": "presentTwoScreens",
            "printedName": "presentTwoScreens(from:)",
            "children": [
              {
                "kind": "TypeNominal",
                "name": "Void",
                "printedName": "()"
              },
              {
                "kind": "TypeNominal",
                "name": "UIViewController",
                "printedName": "UIKit.UIViewController",
                "usr": "c:objc(cs)UIViewController"
              }
            ],
            "declKind": "Func",
            "usr": "s:9abdel_sdk8AbdelSDKC17presentTwoScreens4fromySo16UIViewControllerC_tF",
            "mangledName": "$s9abdel_sdk8AbdelSDKC17presentTwoScreens4fromySo16UIViewControllerC_tF",
            "moduleName": "abdel_sdk",
            "declAttributes": [
              "AccessControl"
            ],
            "funcSelfKind": "NonMutating"
          }
        ],
        "declKind": "Class",
        "usr": "s:9abdel_sdk8AbdelSDKC",
        "mangledName": "$s9abdel_sdk8AbdelSDKC",
        "moduleName": "abdel_sdk",
        "declAttributes": [
          "AccessControl"
        ],
        "hasMissingDesignatedInitializers": true,
        "conformances": [
          {
            "kind": "Conformance",
            "name": "Copyable",
            "printedName": "Copyable",
            "usr": "s:s8CopyableP",
            "mangledName": "$ss8CopyableP"
          },
          {
            "kind": "Conformance",
            "name": "Escapable",
            "printedName": "Escapable",
            "usr": "s:s9EscapableP",
            "mangledName": "$ss9EscapableP"
          }
        ]
      },
      {
        "kind": "Import",
        "name": "SwiftUI",
        "printedName": "SwiftUI",
        "declKind": "Import",
        "moduleName": "abdel_sdk"
      },
      {
        "kind": "Import",
        "name": "SwiftUI",
        "printedName": "SwiftUI",
        "declKind": "Import",
        "moduleName": "abdel_sdk"
      },
      {
        "kind": "Import",
        "name": "SwiftUI",
        "printedName": "SwiftUI",
        "declKind": "Import",
        "moduleName": "abdel_sdk"
      }
    ],
    "json_format_version": 8
  },
  "ConstValues": [
    {
      "filePath": "\/Users\/abdelaziz_elarassi\/Desktop\/sdk\/abdel_sdk\/Sources\/abdel_sdk\/FirstScreen.swift",
      "kind": "BooleanLiteral",
      "offset": 94,
      "length": 5,
      "value": "false"
    }
  ]
}